Source	Target	Type	Weight	Val
1	155	Undirected	2.0	1600958
1	222	Undirected	1.0	100020
155	222	Undirected	1.0	100020
1	55	Undirected	2.0	3914468
1	85	Undirected	4.0	7588630
1	153	Undirected	1.0	3768933
55	85	Undirected	2.0	4764013
55	153	Undirected	1.0	3768933
85	153	Undirected	1.0	3768933
1	45	Undirected	1.0	477780
1	102	Undirected	2.0	1050359
1	132	Undirected	1.0	477780
45	102	Undirected	2.0	985455
45	132	Undirected	2.0	637236
102	132	Undirected	1.0	477780
1	109	Undirected	4.0	3121660
1	143	Undirected	2.0	2320538
109	143	Undirected	3.0	2418350
1	2	Undirected	9.0	3719996
1	60	Undirected	5.0	1225284
2	60	Undirected	5.0	1225284
1	136	Undirected	1.0	289011
1	138	Undirected	1.0	289011
136	138	Undirected	25.0	33613660
1	43	Undirected	2.0	2073517
2	43	Undirected	4.0	2568070
2	85	Undirected	1.0	1500938
2	155	Undirected	1.0	1500938
43	85	Undirected	1.0	1500938
43	155	Undirected	1.0	1500938
85	155	Undirected	1.0	1500938
1	130	Undirected	1.0	493563
109	130	Undirected	6.0	6454938
2	102	Undirected	2.0	970003
43	102	Undirected	2.0	970003
1	79	Undirected	1.0	307559
79	109	Undirected	1.0	307559
1	163	Undirected	3.0	946937
1	187	Undirected	2.0	544759
163	187	Undirected	3.0	888826
1	92	Undirected	1.0	402178
92	163	Undirected	1.0	402178
1	105	Undirected	1.0	1023446
2	55	Undirected	2.0	244076
55	60	Undirected	5.0	5080737
2	188	Undirected	1.0	98541
2	216	Undirected	1.0	98541
55	188	Undirected	14.0	26949442
55	216	Undirected	2.0	5840177
188	216	Undirected	2.0	5840177
2	101	Undirected	4.0	1566605
43	101	Undirected	2.0	768943
2	109	Undirected	1.0	1363268
2	128	Undirected	1.0	1363268
2	130	Undirected	1.0	1363268
2	136	Undirected	1.0	1363268
109	128	Undirected	1.0	1363268
109	136	Undirected	7.0	14467820
128	130	Undirected	8.0	33242345
128	136	Undirected	3.0	1963592
130	136	Undirected	2.0	2449178
2	90	Undirected	4.0	8693316
2	143	Undirected	1.0	4279853
90	143	Undirected	6.0	7595937
2	59	Undirected	1.0	99395
59	101	Undirected	1.0	99395
2	76	Undirected	1.0	837467
76	101	Undirected	2.0	1349858
2	54	Undirected	8.0	11681616
54	90	Undirected	7.0	12721107
2	217	Undirected	2.0	4895324
2	95	Undirected	1.0	279240
2	168	Undirected	1.0	279240
2	169	Undirected	1.0	279240
95	168	Undirected	6.0	2396747
95	169	Undirected	2.0	405235
168	169	Undirected	4.0	8631918
2	53	Undirected	1.0	722190
2	215	Undirected	1.0	722190
53	215	Undirected	4.0	10889736
53	217	Undirected	5.0	13295660
215	217	Undirected	8.0	18137248
43	54	Undirected	1.0	397424
54	102	Undirected	2.0	1166963
2	83	Undirected	1.0	4918
3	5	Undirected	1.0	475926
4	134	Undirected	28.0	24811734
4	54	Undirected	11.0	11360653
4	118	Undirected	24.0	14190064
4	132	Undirected	26.0	17762102
4	153	Undirected	10.0	13519529
4	155	Undirected	13.0	14735366
54	118	Undirected	8.0	9468288
54	132	Undirected	12.0	10824684
54	134	Undirected	8.0	9468288
54	153	Undirected	27.0	26573131
54	155	Undirected	16.0	21917329
118	132	Undirected	11.0	11716385
118	134	Undirected	10.0	10371620
118	153	Undirected	8.0	9468288
118	155	Undirected	9.0	9751714
132	134	Undirected	15.0	14014519
132	153	Undirected	22.0	16931193
132	155	Undirected	26.0	29419173
134	153	Undirected	8.0	9468288
134	155	Undirected	9.0	10402777
153	155	Undirected	24.0	36288732
4	94	Undirected	2.0	1233540
4	182	Undirected	1.0	298236
94	118	Undirected	4.0	4374408
94	132	Undirected	2.0	1526467
94	182	Undirected	2.0	5302894
118	182	Undirected	1.0	298236
132	182	Undirected	1.0	298236
4	133	Undirected	4.0	8868828
4	201	Undirected	13.0	18610395
54	133	Undirected	4.0	8868828
54	201	Undirected	11.0	18733457
118	133	Undirected	5.0	12323724
118	201	Undirected	11.0	11825175
132	133	Undirected	4.0	8868828
132	201	Undirected	23.0	19402362
133	134	Undirected	4.0	8868828
133	153	Undirected	4.0	8868828
133	155	Undirected	5.0	9120132
133	201	Undirected	8.0	17934855
134	201	Undirected	7.0	10627230
153	201	Undirected	24.0	51363353
155	201	Undirected	23.0	36258845
4	24	Undirected	1.0	1171149
4	44	Undirected	2.0	1268185
24	44	Undirected	9.0	15998501
24	54	Undirected	2.0	2129181
24	201	Undirected	2.0	4163446
44	54	Undirected	3.0	2869328
44	201	Undirected	2.0	6639817
4	125	Undirected	2.0	876014
125	201	Undirected	4.0	2132530
4	211	Undirected	1.0	1629559
54	211	Undirected	1.0	1629559
118	211	Undirected	1.0	1629559
132	211	Undirected	1.0	1629559
133	211	Undirected	1.0	1629559
134	211	Undirected	1.0	1629559
153	211	Undirected	2.0	7826723
155	211	Undirected	1.0	1629559
201	211	Undirected	5.0	23471120
125	155	Undirected	3.0	1551106
4	108	Undirected	1.0	1218040
108	201	Undirected	6.0	18880503
5	69	Undirected	2.0	9806399
5	109	Undirected	19.0	19551621
69	109	Undirected	1.0	376994
5	33	Undirected	7.0	14899087
33	109	Undirected	2.0	2281703
5	96	Undirected	6.0	7860875
5	23	Undirected	1.0	188407
5	127	Undirected	3.0	5386214
5	34	Undirected	9.0	11024521
5	129	Undirected	3.0	6171103
34	127	Undirected	4.0	17816260
34	129	Undirected	10.0	32730181
127	129	Undirected	143.0	154284245
5	150	Undirected	1.0	492065
109	150	Undirected	1.0	492065
5	18	Undirected	7.0	20807442
5	71	Undirected	2.0	1023588
18	71	Undirected	3.0	1036649
5	29	Undirected	7.0	4119461
5	191	Undirected	1.0	564726
34	191	Undirected	1.0	564726
5	37	Undirected	3.0	1300922
5	77	Undirected	4.0	1855199
37	77	Undirected	4.0	7853974
77	109	Undirected	1.0	629902
5	32	Undirected	14.0	34952742
18	32	Undirected	6.0	23568947
18	34	Undirected	10.0	16042856
32	34	Undirected	4.0	3431653
5	17	Undirected	5.0	27674019
5	97	Undirected	3.0	14996153
5	139	Undirected	2.0	10175729
5	201	Undirected	3.0	13168026
5	211	Undirected	2.0	10175729
17	18	Undirected	3.0	17357174
17	32	Undirected	6.0	33142687
17	97	Undirected	5.0	24454128
17	139	Undirected	4.0	22818836
17	201	Undirected	3.0	15644397
17	211	Undirected	3.0	15644397
18	97	Undirected	2.0	10175729
18	139	Undirected	2.0	10175729
18	201	Undirected	2.0	10175729
18	211	Undirected	2.0	10175729
32	97	Undirected	4.0	20464821
32	139	Undirected	3.0	15644397
32	201	Undirected	3.0	15644397
32	211	Undirected	3.0	15644397
97	139	Undirected	3.0	15644397
97	201	Undirected	3.0	15644397
97	211	Undirected	3.0	15644397
139	201	Undirected	4.0	17209779
139	211	Undirected	4.0	20335521
5	15	Undirected	1.0	4884594
5	79	Undirected	2.0	9804800
5	160	Undirected	2.0	5089031
15	33	Undirected	1.0	4884594
15	79	Undirected	3.0	16333795
15	160	Undirected	3.0	16333795
33	79	Undirected	1.0	4884594
33	160	Undirected	1.0	4884594
79	160	Undirected	8.0	22849478
5	20	Undirected	2.0	8423103
5	106	Undirected	3.0	11903494
5	136	Undirected	5.0	14362004
20	32	Undirected	1.0	3502897
20	106	Undirected	1.0	3502897
20	136	Undirected	15.0	36932365
32	106	Undirected	2.0	10684342
32	136	Undirected	4.0	16431091
106	136	Undirected	5.0	13723658
5	158	Undirected	4.0	11111182
109	158	Undirected	4.0	2697407
5	125	Undirected	1.0	132415
5	93	Undirected	1.0	23578
29	77	Undirected	9.0	11608690
29	93	Undirected	3.0	3628361
29	127	Undirected	10.0	13944001
77	93	Undirected	2.0	3289944
77	127	Undirected	4.0	7295328
93	127	Undirected	2.0	1680087
29	32	Undirected	6.0	4580561
5	24	Undirected	2.0	3397665
5	108	Undirected	1.0	2992297
24	108	Undirected	1.0	2992297
5	31	Undirected	1.0	1425873
18	31	Undirected	1.0	1425873
5	11	Undirected	1.0	708512
5	22	Undirected	1.0	7181445
5	213	Undirected	2.0	7686709
17	22	Undirected	1.0	7181445
17	106	Undirected	1.0	7181445
17	136	Undirected	3.0	19824552
17	213	Undirected	3.0	18345191
18	22	Undirected	1.0	7181445
18	106	Undirected	1.0	7181445
18	136	Undirected	1.0	7181445
18	213	Undirected	1.0	7181445
22	32	Undirected	1.0	7181445
22	106	Undirected	1.0	7181445
22	136	Undirected	7.0	10446939
22	213	Undirected	1.0	7181445
32	213	Undirected	1.0	7181445
106	213	Undirected	1.0	7181445
136	213	Undirected	11.0	37653933
24	32	Undirected	2.0	407583
24	34	Undirected	1.0	405368
69	158	Undirected	4.0	17478395
106	109	Undirected	6.0	5277312
5	204	Undirected	4.0	4642892
5	27	Undirected	1.0	920060
27	34	Undirected	1.0	920060
5	130	Undirected	1.0	4920206
20	79	Undirected	1.0	4920206
20	130	Undirected	4.0	8214017
79	130	Undirected	1.0	4920206
34	109	Undirected	4.0	4852000
29	96	Undirected	14.0	19243485
37	204	Undirected	2.0	2114959
77	204	Undirected	4.0	1857540
29	109	Undirected	1.0	498474
96	109	Undirected	3.0	1987555
34	204	Undirected	5.0	2225570
5	138	Undirected	1.0	505264
138	213	Undirected	5.0	11060308
29	204	Undirected	7.0	4056836
32	96	Undirected	5.0	2956691
5	117	Undirected	1.0	204437
5	128	Undirected	1.0	204437
29	117	Undirected	1.0	204437
29	128	Undirected	2.0	6807891
29	160	Undirected	1.0	204437
117	128	Undirected	1.0	204437
117	160	Undirected	1.0	204437
128	160	Undirected	6.0	7549712
6	9	Undirected	1.0	506361
6	69	Undirected	1.0	506361
6	148	Undirected	1.0	506361
9	69	Undirected	4.0	2575792
9	148	Undirected	7.0	6765276
69	148	Undirected	8.0	14661338
7	39	Undirected	1.0	1581410
7	45	Undirected	1.0	1581410
7	72	Undirected	1.0	1581410
39	45	Undirected	2.0	1998100
39	72	Undirected	1.0	1581410
45	72	Undirected	1.0	1581410
8	50	Undirected	1.0	6358107
8	67	Undirected	1.0	6358107
8	68	Undirected	1.0	6358107
8	146	Undirected	1.0	6358107
8	152	Undirected	1.0	6358107
8	212	Undirected	1.0	6358107
50	67	Undirected	3.0	18027370
50	68	Undirected	2.0	12062042
50	146	Undirected	3.0	17710748
50	152	Undirected	2.0	12062042
50	212	Undirected	1.0	6358107
67	68	Undirected	2.0	12062042
67	146	Undirected	2.0	12062042
67	152	Undirected	2.0	12062042
67	212	Undirected	1.0	6358107
68	146	Undirected	2.0	12062042
68	152	Undirected	2.0	12062042
68	212	Undirected	1.0	6358107
146	152	Undirected	3.0	18058398
146	212	Undirected	1.0	6358107
152	212	Undirected	1.0	6358107
9	33	Undirected	1.0	6531178
9	45	Undirected	4.0	15159594
9	90	Undirected	2.0	10472194
9	108	Undirected	34.0	55526686
9	127	Undirected	2.0	10472194
9	139	Undirected	3.0	15255102
9	171	Undirected	1.0	6531178
9	172	Undirected	1.0	6531178
9	182	Undirected	2.0	11535836
33	45	Undirected	1.0	6531178
33	90	Undirected	1.0	6531178
33	108	Undirected	1.0	6531178
33	127	Undirected	3.0	13831250
33	139	Undirected	1.0	6531178
33	171	Undirected	1.0	6531178
33	172	Undirected	1.0	6531178
33	182	Undirected	3.0	7578367
45	90	Undirected	1.0	6531178
45	108	Undirected	2.0	8895258
45	127	Undirected	1.0	6531178
45	139	Undirected	4.0	14791982
45	171	Undirected	1.0	6531178
45	172	Undirected	2.0	11222302
45	182	Undirected	1.0	6531178
90	108	Undirected	1.0	6531178
90	127	Undirected	2.0	10472194
90	139	Undirected	2.0	10472194
90	171	Undirected	1.0	6531178
90	172	Undirected	1.0	6531178
90	182	Undirected	1.0	6531178
108	127	Undirected	1.0	6531178
108	139	Undirected	2.0	11999846
108	171	Undirected	1.0	6531178
108	172	Undirected	2.0	11999846
108	182	Undirected	1.0	6531178
127	139	Undirected	2.0	10472194
127	171	Undirected	1.0	6531178
127	172	Undirected	1.0	6531178
127	182	Undirected	1.0	6531178
139	171	Undirected	1.0	6531178
139	172	Undirected	3.0	16690970
139	182	Undirected	1.0	6531178
171	172	Undirected	1.0	6531178
171	182	Undirected	1.0	6531178
172	182	Undirected	1.0	6531178
9	47	Undirected	14.0	6931002
9	105	Undirected	35.0	65100381
47	105	Undirected	2.0	1527980
9	17	Undirected	6.0	6536600
9	188	Undirected	19.0	27002364
17	105	Undirected	2.0	673794
17	108	Undirected	4.0	7114417
17	188	Undirected	2.0	673794
105	108	Undirected	60.0	77477720
105	188	Undirected	12.0	17263174
108	188	Undirected	6.0	11510410
9	125	Undirected	2.0	2419050
125	188	Undirected	7.0	14470346
9	106	Undirected	22.0	45713140
106	108	Undirected	3.0	868020
106	188	Undirected	11.0	9793403
9	55	Undirected	7.0	25067641
55	106	Undirected	2.0	1611834
9	218	Undirected	6.0	7917262
106	218	Undirected	19.0	14652485
9	180	Undirected	2.0	1129607
108	180	Undirected	5.0	7990689
9	201	Undirected	17.0	70537278
47	180	Undirected	1.0	939908
47	201	Undirected	1.0	939908
180	201	Undirected	1.0	939908
105	148	Undirected	6.0	17020604
69	201	Undirected	2.0	794030
9	151	Undirected	5.0	16755477
9	153	Undirected	2.0	7584967
45	151	Undirected	2.0	7584967
45	153	Undirected	12.0	29546870
45	201	Undirected	10.0	23937413
151	153	Undirected	2.0	7584967
151	201	Undirected	2.0	7584967
9	94	Undirected	27.0	41022206
94	188	Undirected	4.0	1691986
9	40	Undirected	6.0	2360562
40	105	Undirected	2.0	1216924
9	41	Undirected	3.0	5321637
9	67	Undirected	1.0	438505
41	67	Undirected	1.0	438505
41	94	Undirected	1.0	438505
41	105	Undirected	4.0	6277501
67	94	Undirected	1.0	438505
67	105	Undirected	3.0	12107768
94	105	Undirected	8.0	10131716
9	50	Undirected	5.0	14855164
9	109	Undirected	1.0	1430004
50	106	Undirected	14.0	31735784
50	109	Undirected	1.0	1430004
50	201	Undirected	2.0	2407837
106	201	Undirected	1.0	1430004
109	201	Undirected	1.0	1430004
9	56	Undirected	2.0	4003142
9	57	Undirected	2.0	4003142
9	150	Undirected	15.0	52207651
56	57	Undirected	3.0	5019737
56	94	Undirected	1.0	2027646
56	108	Undirected	2.0	4003142
56	150	Undirected	3.0	5019737
57	94	Undirected	3.0	2088056
57	108	Undirected	3.0	4022996
57	150	Undirected	5.0	5080147
94	108	Undirected	16.0	34046112
94	150	Undirected	35.0	43196709
108	150	Undirected	33.0	67139031
9	79	Undirected	3.0	6092254
9	144	Undirected	2.0	9216198
9	186	Undirected	2.0	16715985
55	79	Undirected	1.0	5032504
55	94	Undirected	3.0	9611420
55	108	Undirected	4.0	11424479
55	144	Undirected	3.0	9559082
55	150	Undirected	5.0	10188690
55	186	Undirected	1.0	5032504
79	94	Undirected	4.0	6659458
79	108	Undirected	1.0	5032504
79	144	Undirected	1.0	5032504
79	150	Undirected	2.0	9114198
79	186	Undirected	10.0	9765427
94	144	Undirected	11.0	14549656
94	186	Undirected	3.0	5353257
108	144	Undirected	31.0	49895992
108	186	Undirected	1.0	5032504
144	150	Undirected	21.0	32089077
144	186	Undirected	3.0	5979106
150	186	Undirected	16.0	33170070
9	133	Undirected	3.0	9674434
9	198	Undirected	16.0	23881400
94	133	Undirected	6.0	11799936
94	198	Undirected	35.0	44298052
133	198	Undirected	1.0	6834903
9	137	Undirected	2.0	6841533
9	193	Undirected	1.0	845177
9	194	Undirected	4.0	1854319
105	137	Undirected	2.0	6549112
105	193	Undirected	3.0	1942868
105	194	Undirected	2.0	1494161
108	137	Undirected	2.0	6841533
108	193	Undirected	3.0	1942868
108	194	Undirected	1.0	845177
137	193	Undirected	1.0	845177
137	194	Undirected	1.0	845177
193	194	Undirected	1.0	845177
47	108	Undirected	2.0	1281197
47	148	Undirected	1.0	309242
108	148	Undirected	2.0	5509186
9	65	Undirected	1.0	559077
9	103	Undirected	6.0	5666353
65	103	Undirected	1.0	559077
65	105	Undirected	1.0	559077
65	188	Undirected	1.0	559077
103	105	Undirected	14.0	15382932
103	188	Undirected	3.0	1626404
105	106	Undirected	13.0	38051800
9	74	Undirected	1.0	7516737
9	122	Undirected	1.0	7516737
74	105	Undirected	2.0	8324372
74	122	Undirected	1.0	7516737
74	150	Undirected	1.0	7516737
74	198	Undirected	1.0	7516737
74	201	Undirected	1.0	7516737
105	122	Undirected	4.0	9524708
105	150	Undirected	27.0	56902485
105	198	Undirected	10.0	22317663
105	201	Undirected	2.0	11579691
122	150	Undirected	4.0	12884652
122	198	Undirected	1.0	7516737
122	201	Undirected	1.0	7516737
150	198	Undirected	14.0	39790278
150	201	Undirected	5.0	13839998
198	201	Undirected	2.0	8079826
9	146	Undirected	1.0	5996356
9	152	Undirected	1.0	5996356
9	192	Undirected	1.0	5996356
108	146	Undirected	1.0	5996356
108	152	Undirected	1.0	5996356
108	192	Undirected	1.0	5996356
137	146	Undirected	2.0	11700291
137	150	Undirected	2.0	11700291
137	152	Undirected	2.0	11700291
137	192	Undirected	1.0	5996356
146	150	Undirected	2.0	11700291
146	192	Undirected	1.0	5996356
150	152	Undirected	2.0	11700291
150	192	Undirected	1.0	5996356
152	192	Undirected	1.0	5996356
50	105	Undirected	18.0	42318261
50	148	Undirected	1.0	3697945
106	148	Undirected	3.0	15084360
9	52	Undirected	1.0	5004658
9	158	Undirected	1.0	5004658
9	160	Undirected	1.0	5004658
52	94	Undirected	1.0	5004658
52	158	Undirected	2.0	5264574
52	160	Undirected	1.0	5004658
52	182	Undirected	13.0	31058427
94	158	Undirected	1.0	5004658
94	160	Undirected	1.0	5004658
158	160	Undirected	14.0	50118449
158	182	Undirected	3.0	15004634
160	182	Undirected	6.0	13090721
9	21	Undirected	2.0	5438195
21	55	Undirected	1.0	4930858
21	105	Undirected	4.0	11295114
21	188	Undirected	7.0	9652596
55	105	Undirected	2.0	10672494
9	216	Undirected	1.0	5741636
105	216	Undirected	1.0	5741636
106	150	Undirected	5.0	22691269
106	186	Undirected	2.0	14717804
9	124	Undirected	1.0	507337
21	106	Undirected	2.0	4501392
21	124	Undirected	1.0	507337
21	150	Undirected	1.0	507337
105	124	Undirected	4.0	1893790
106	124	Undirected	1.0	507337
124	150	Undirected	2.0	2871417
124	188	Undirected	4.0	9362132
150	188	Undirected	3.0	4098973
9	138	Undirected	1.0	98669
9	162	Undirected	2.0	2301697
138	162	Undirected	2.0	451582
9	60	Undirected	1.0	4062954
9	215	Undirected	5.0	7131443
60	103	Undirected	1.0	4062954
60	105	Undirected	3.0	10178178
60	108	Undirected	4.0	17632510
60	150	Undirected	2.0	10028282
60	201	Undirected	2.0	4579874
60	215	Undirected	2.0	9993434
103	108	Undirected	11.0	14710000
103	150	Undirected	2.0	5055223
103	201	Undirected	1.0	4062954
103	215	Undirected	1.0	4062954
105	215	Undirected	2.0	7973877
108	215	Undirected	3.0	13904357
150	215	Undirected	3.0	11418482
201	215	Undirected	1.0	4062954
9	48	Undirected	1.0	340421
48	108	Undirected	1.0	340421
105	151	Undirected	2.0	4816659
9	13	Undirected	1.0	1975496
9	112	Undirected	1.0	1975496
13	56	Undirected	1.0	1975496
13	57	Undirected	1.0	1975496
13	108	Undirected	1.0	1975496
13	112	Undirected	1.0	1975496
13	150	Undirected	1.0	1975496
56	112	Undirected	1.0	1975496
57	112	Undirected	1.0	1975496
108	112	Undirected	1.0	1975496
112	150	Undirected	1.0	1975496
9	51	Undirected	2.0	2724182
9	22	Undirected	1.0	4782908
22	41	Undirected	1.0	4782908
22	105	Undirected	2.0	5075939
22	139	Undirected	6.0	11371844
22	151	Undirected	1.0	4782908
22	218	Undirected	2.0	5985292
41	139	Undirected	1.0	4782908
41	151	Undirected	1.0	4782908
41	218	Undirected	1.0	4782908
105	139	Undirected	1.0	4782908
105	218	Undirected	4.0	7253065
139	151	Undirected	1.0	4782908
139	218	Undirected	1.0	4782908
151	218	Undirected	1.0	4782908
69	105	Undirected	3.0	6574309
51	108	Undirected	7.0	14057297
51	162	Undirected	4.0	10619480
51	198	Undirected	11.0	27225489
108	162	Undirected	1.0	2203028
108	198	Undirected	13.0	22205755
162	198	Undirected	4.0	10529925
133	215	Undirected	1.0	2262469
9	114	Undirected	1.0	662804
105	114	Undirected	1.0	662804
9	145	Undirected	1.0	100348
94	145	Undirected	8.0	12090002
145	150	Undirected	10.0	17149291
145	198	Undirected	5.0	14907434
188	198	Undirected	3.0	3531392
47	103	Undirected	1.0	603425
40	41	Undirected	1.0	100224
40	148	Undirected	1.0	100224
41	148	Undirected	1.0	100224
194	198	Undirected	4.0	2665985
55	198	Undirected	2.0	4670935
144	198	Undirected	4.0	13422621
17	47	Undirected	1.0	971955
9	190	Undirected	1.0	2667741
105	190	Undirected	1.0	2667741
108	190	Undirected	1.0	2667741
47	94	Undirected	1.0	375602
47	198	Undirected	1.0	375602
17	94	Undirected	1.0	4353851
17	150	Undirected	1.0	4353851
17	151	Undirected	1.0	4353851
94	151	Undirected	3.0	4974837
150	151	Undirected	1.0	4353851
9	155	Undirected	2.0	683254
198	215	Undirected	3.0	806020
40	106	Undirected	4.0	2052238
40	218	Undirected	4.0	2052238
10	220	Undirected	1.0	2488954
10	16	Undirected	1.0	931604
10	43	Undirected	1.0	931604
16	43	Undirected	1.0	931604
11	34	Undirected	4.0	10722491
11	165	Undirected	1.0	231446
34	165	Undirected	5.0	4093416
11	29	Undirected	6.0	2267905
11	37	Undirected	1.0	355949
11	127	Undirected	1.0	355949
11	129	Undirected	1.0	355949
37	127	Undirected	5.0	7846027
37	129	Undirected	7.0	8545542
11	18	Undirected	2.0	10077146
11	143	Undirected	1.0	413899
29	34	Undirected	18.0	22411501
29	143	Undirected	5.0	12068635
34	143	Undirected	1.0	413899
12	95	Undirected	1.0	326261
12	168	Undirected	5.0	1202875
12	116	Undirected	1.0	697864
12	117	Undirected	2.0	1391381
116	117	Undirected	2.0	2747913
12	182	Undirected	1.0	259134
12	42	Undirected	1.0	693517
42	117	Undirected	7.0	15778752
14	26	Undirected	1.0	4980773
14	93	Undirected	1.0	4980773
14	222	Undirected	1.0	4980773
26	93	Undirected	1.0	4980773
26	222	Undirected	4.0	15148319
93	222	Undirected	1.0	4980773
14	124	Undirected	2.0	5471836
14	125	Undirected	3.0	10547751
124	125	Undirected	31.0	62179533
14	119	Undirected	1.0	1047150
119	124	Undirected	1.0	1047150
14	25	Undirected	2.0	6123065
14	61	Undirected	2.0	6123065
25	61	Undirected	14.0	15403240
25	125	Undirected	14.0	15383267
61	125	Undirected	20.0	31840922
15	21	Undirected	1.0	240010
15	136	Undirected	2.0	5708678
21	136	Undirected	12.0	23527322
15	157	Undirected	2.0	11449201
15	158	Undirected	2.0	11449201
79	157	Undirected	3.0	15911298
79	158	Undirected	6.0	18883277
157	158	Undirected	8.0	24335467
157	160	Undirected	9.0	31193259
15	17	Undirected	1.0	5468668
15	32	Undirected	1.0	5468668
15	44	Undirected	1.0	5468668
15	97	Undirected	1.0	5468668
15	108	Undirected	1.0	5468668
15	139	Undirected	1.0	5468668
15	172	Undirected	1.0	5468668
15	201	Undirected	1.0	5468668
15	211	Undirected	1.0	5468668
17	44	Undirected	1.0	5468668
17	172	Undirected	1.0	5468668
32	44	Undirected	1.0	5468668
32	108	Undirected	1.0	5468668
32	172	Undirected	1.0	5468668
44	97	Undirected	1.0	5468668
44	108	Undirected	1.0	5468668
44	136	Undirected	1.0	5468668
44	139	Undirected	1.0	5468668
44	172	Undirected	1.0	5468668
44	211	Undirected	1.0	5468668
97	108	Undirected	1.0	5468668
97	136	Undirected	1.0	5468668
97	172	Undirected	1.0	5468668
108	136	Undirected	6.0	20840311
108	211	Undirected	1.0	5468668
136	139	Undirected	4.0	15190519
136	172	Undirected	1.0	5468668
136	201	Undirected	3.0	9400637
136	211	Undirected	1.0	5468668
172	201	Undirected	1.0	5468668
172	211	Undirected	2.0	10159792
15	59	Undirected	1.0	7190025
15	70	Undirected	1.0	7190025
15	116	Undirected	1.0	7190025
15	159	Undirected	1.0	7190025
59	70	Undirected	1.0	7190025
59	79	Undirected	2.0	9591919
59	116	Undirected	2.0	10862758
59	157	Undirected	1.0	7190025
59	158	Undirected	1.0	7190025
59	159	Undirected	1.0	7190025
59	160	Undirected	1.0	7190025
70	79	Undirected	2.0	11652122
70	116	Undirected	2.0	11652122
70	157	Undirected	2.0	11652122
70	158	Undirected	3.0	11749150
70	159	Undirected	1.0	7190025
70	160	Undirected	2.0	11652122
79	116	Undirected	2.0	11652122
79	159	Undirected	1.0	7190025
116	157	Undirected	2.0	11652122
116	158	Undirected	10.0	37354674
116	159	Undirected	7.0	18732651
116	160	Undirected	5.0	34168407
157	159	Undirected	1.0	7190025
158	159	Undirected	4.0	17355728
159	160	Undirected	3.0	17256283
16	80	Undirected	1.0	109027
16	191	Undirected	1.0	109027
80	191	Undirected	1.0	109027
16	84	Undirected	1.0	1018626
16	174	Undirected	1.0	1018626
16	200	Undirected	1.0	1018626
84	174	Undirected	1.0	1018626
84	200	Undirected	4.0	2739377
174	200	Undirected	1.0	1018626
16	29	Undirected	8.0	6957224
16	62	Undirected	2.0	4078746
16	124	Undirected	1.0	2524593
29	62	Undirected	4.0	7861971
29	124	Undirected	2.0	5169972
62	124	Undirected	1.0	2524593
16	93	Undirected	2.0	3724814
16	208	Undirected	1.0	1924296
93	208	Undirected	3.0	3488503
16	207	Undirected	1.0	1800518
29	207	Undirected	6.0	5120049
93	207	Undirected	9.0	20248061
16	61	Undirected	4.0	763014
29	61	Undirected	15.0	34114552
16	36	Undirected	1.0	235429
16	221	Undirected	1.0	81247
16	74	Undirected	1.0	2690768
16	83	Undirected	1.0	2690768
74	83	Undirected	1.0	2690768
16	165	Undirected	1.0	314946
16	204	Undirected	1.0	314946
29	165	Undirected	11.0	3798452
165	204	Undirected	2.0	2246431
16	217	Undirected	1.0	777682
97	213	Undirected	1.0	3989307
17	45	Undirected	1.0	721298
17	215	Undirected	1.0	721298
45	215	Undirected	4.0	8236113
17	20	Undirected	1.0	7174439
17	71	Undirected	1.0	7174439
17	109	Undirected	1.0	7174439
17	152	Undirected	1.0	7174439
17	154	Undirected	1.0	7174439
20	71	Undirected	5.0	15426460
20	109	Undirected	2.0	8830948
20	139	Undirected	1.0	7174439
20	152	Undirected	1.0	7174439
20	154	Undirected	1.0	7174439
20	213	Undirected	24.0	35865630
71	109	Undirected	3.0	13332368
71	136	Undirected	11.0	27939280
71	139	Undirected	1.0	7174439
71	152	Undirected	1.0	7174439
71	154	Undirected	1.0	7174439
71	213	Undirected	6.0	22377643
109	139	Undirected	1.0	7174439
109	152	Undirected	1.0	7174439
109	154	Undirected	1.0	7174439
109	213	Undirected	3.0	13443531
136	152	Undirected	1.0	7174439
136	154	Undirected	1.0	7174439
139	152	Undirected	1.0	7174439
139	154	Undirected	1.0	7174439
139	213	Undirected	1.0	7174439
152	154	Undirected	1.0	7174439
152	213	Undirected	1.0	7174439
154	213	Undirected	1.0	7174439
18	179	Undirected	1.0	458233
32	179	Undirected	1.0	458233
18	29	Undirected	2.0	1173940
18	30	Undirected	1.0	400859
18	20	Undirected	2.0	1198400
18	125	Undirected	1.0	124188
20	125	Undirected	12.0	9717270
18	24	Undirected	1.0	13061
18	44	Undirected	1.0	13061
18	160	Undirected	1.0	13061
24	71	Undirected	1.0	13061
24	160	Undirected	1.0	13061
44	71	Undirected	1.0	13061
44	160	Undirected	3.0	129896
71	160	Undirected	1.0	13061
20	29	Undirected	3.0	8062399
19	24	Undirected	1.0	2215
19	32	Undirected	1.0	2215
20	138	Undirected	6.0	14575885
20	189	Undirected	1.0	725631
138	189	Undirected	1.0	725631
20	21	Undirected	16.0	25477311
21	213	Undirected	11.0	13811132
20	26	Undirected	2.0	751459
20	127	Undirected	19.0	19372619
26	127	Undirected	2.0	751459
26	136	Undirected	2.0	751459
127	136	Undirected	5.0	6717741
20	204	Undirected	3.0	1135934
20	129	Undirected	15.0	16953381
20	25	Undirected	7.0	4100980
20	61	Undirected	7.0	4100980
20	221	Undirected	1.0	1263530
20	169	Undirected	1.0	99237
127	213	Undirected	6.0	8560793
20	124	Undirected	3.0	8635969
71	124	Undirected	1.0	3529512
71	125	Undirected	2.0	4093949
124	213	Undirected	1.0	3529512
125	213	Undirected	4.0	5497308
21	71	Undirected	3.0	9074692
21	138	Undirected	7.0	15068054
71	138	Undirected	7.0	13445993
20	128	Undirected	3.0	11863090
124	128	Undirected	9.0	31283754
124	129	Undirected	4.0	12141544
128	129	Undirected	14.0	22842194
20	22	Undirected	1.0	4164295
21	22	Undirected	1.0	4164295
22	138	Undirected	5.0	6749449
20	44	Undirected	4.0	4814642
44	127	Undirected	9.0	18269022
44	129	Undirected	8.0	7099010
20	59	Undirected	1.0	333657
59	213	Undirected	1.0	333657
20	105	Undirected	1.0	628709
20	108	Undirected	1.0	628709
20	143	Undirected	1.0	628709
105	136	Undirected	4.0	2209758
105	143	Undirected	1.0	628709
108	143	Undirected	2.0	11686638
136	143	Undirected	6.0	16177532
20	186	Undirected	1.0	148602
125	186	Undirected	3.0	11044762
20	208	Undirected	3.0	1300781
130	208	Undirected	1.0	542617
20	24	Undirected	2.0	649679
24	127	Undirected	6.0	13441696
24	129	Undirected	2.0	649679
127	128	Undirected	41.0	102176319
20	102	Undirected	1.0	384733
29	102	Undirected	2.0	673214
29	129	Undirected	10.0	16809871
102	127	Undirected	2.0	1154272
102	129	Undirected	1.0	384733
102	204	Undirected	1.0	384733
127	204	Undirected	7.0	14517349
129	204	Undirected	4.0	1227690
20	54	Undirected	2.0	1319008
21	54	Undirected	1.0	224323
129	213	Undirected	4.0	7930030
20	216	Undirected	1.0	1094685
54	127	Undirected	5.0	2828869
54	130	Undirected	1.0	1094685
54	216	Undirected	1.0	1094685
127	130	Undirected	18.0	45116001
127	216	Undirected	1.0	1094685
130	216	Undirected	1.0	1094685
21	125	Undirected	2.0	1502547
20	188	Undirected	1.0	1046902
20	28	Undirected	1.0	1656509
20	84	Undirected	1.0	1656509
20	85	Undirected	1.0	1656509
20	93	Undirected	1.0	1656509
20	156	Undirected	1.0	1656509
28	84	Undirected	1.0	1656509
28	85	Undirected	1.0	1656509
28	93	Undirected	1.0	1656509
28	109	Undirected	1.0	1656509
28	127	Undirected	1.0	1656509
28	130	Undirected	1.0	1656509
28	156	Undirected	1.0	1656509
28	213	Undirected	1.0	1656509
84	85	Undirected	1.0	1656509
84	93	Undirected	3.0	5070886
84	109	Undirected	1.0	1656509
84	127	Undirected	3.0	2360565
84	130	Undirected	1.0	1656509
84	156	Undirected	1.0	1656509
84	213	Undirected	1.0	1656509
85	93	Undirected	1.0	1656509
85	109	Undirected	1.0	1656509
85	127	Undirected	3.0	6880348
85	130	Undirected	9.0	16797000
85	156	Undirected	1.0	1656509
85	213	Undirected	1.0	1656509
93	109	Undirected	1.0	1656509
93	130	Undirected	1.0	1656509
93	156	Undirected	1.0	1656509
93	213	Undirected	1.0	1656509
109	127	Undirected	2.0	2310190
109	156	Undirected	1.0	1656509
127	156	Undirected	1.0	1656509
130	156	Undirected	1.0	1656509
130	213	Undirected	1.0	1656509
156	213	Undirected	1.0	1656509
128	208	Undirected	1.0	400872
21	50	Undirected	2.0	4093110
136	188	Undirected	12.0	8560851
21	60	Undirected	1.0	275538
21	116	Undirected	1.0	652829
116	136	Undirected	5.0	2027213
116	138	Undirected	2.0	1310555
21	109	Undirected	1.0	4612583
21	93	Undirected	1.0	99425
21	69	Undirected	1.0	100277
21	59	Undirected	1.0	466444
21	85	Undirected	1.0	466444
21	139	Undirected	1.0	466444
59	85	Undirected	1.0	466444
59	139	Undirected	1.0	466444
85	139	Undirected	1.0	466444
22	188	Undirected	1.0	1202384
22	211	Undirected	2.0	5893508
188	211	Undirected	1.0	1202384
188	218	Undirected	2.0	1302933
211	218	Undirected	1.0	1202384
22	31	Undirected	1.0	4691124
22	45	Undirected	1.0	4691124
22	172	Undirected	1.0	4691124
31	45	Undirected	1.0	4691124
31	139	Undirected	1.0	4691124
31	172	Undirected	1.0	4691124
31	211	Undirected	1.0	4691124
45	211	Undirected	3.0	14498930
24	109	Undirected	3.0	844020
24	96	Undirected	1.0	5838510
24	117	Undirected	2.0	6326963
24	189	Undirected	1.0	5838510
96	117	Undirected	2.0	7066482
96	189	Undirected	1.0	5838510
117	189	Undirected	2.0	6833178
24	202	Undirected	1.0	235706
24	138	Undirected	1.0	361877
109	138	Undirected	1.0	361877
24	52	Undirected	14.0	11388619
24	121	Undirected	13.0	4721110
24	181	Undirected	1.0	3992129
24	182	Undirected	2.0	4714644
52	121	Undirected	38.0	44676871
52	181	Undirected	6.0	8049811
121	181	Undirected	4.0	7109257
121	182	Undirected	13.0	20016495
181	182	Undirected	4.0	6154851
24	45	Undirected	1.0	3868978
24	153	Undirected	1.0	3868978
24	214	Undirected	1.0	3868978
45	52	Undirected	1.0	3868978
45	214	Undirected	1.0	3868978
52	153	Undirected	1.0	3868978
52	214	Undirected	1.0	3868978
153	214	Undirected	1.0	3868978
24	116	Undirected	2.0	4595236
24	136	Undirected	2.0	302486
24	158	Undirected	2.0	194274
136	158	Undirected	4.0	1345118
24	168	Undirected	1.0	4494682
24	169	Undirected	1.0	4494682
116	168	Undirected	2.0	6544731
116	169	Undirected	1.0	4494682
121	127	Undirected	14.0	14395219
24	204	Undirected	1.0	98397
24	155	Undirected	1.0	958032
24	102	Undirected	12.0	1035334
24	200	Undirected	11.0	546881
52	102	Undirected	12.0	1267312
52	200	Undirected	11.0	546881
102	121	Undirected	11.0	546881
102	200	Undirected	11.0	546881
121	200	Undirected	11.0	546881
102	117	Undirected	1.0	488453
44	52	Undirected	1.0	2980631
52	127	Undirected	21.0	36794143
24	143	Undirected	1.0	201932
25	147	Undirected	1.0	1035816
61	147	Undirected	2.0	5595789
25	71	Undirected	2.0	2380872
25	119	Undirected	1.0	5840287
25	55	Undirected	1.0	995080
25	85	Undirected	1.0	995080
25	124	Undirected	1.0	995080
25	130	Undirected	1.0	995080
25	158	Undirected	1.0	995080
25	183	Undirected	1.0	995080
25	188	Undirected	1.0	995080
55	61	Undirected	1.0	995080
55	124	Undirected	3.0	9348379
55	125	Undirected	5.0	12653079
55	130	Undirected	3.0	3275099
55	158	Undirected	1.0	995080
55	183	Undirected	1.0	995080
61	85	Undirected	1.0	995080
61	124	Undirected	5.0	8769912
61	130	Undirected	1.0	995080
61	158	Undirected	1.0	995080
61	183	Undirected	6.0	8785726
61	188	Undirected	1.0	995080
85	124	Undirected	1.0	995080
85	125	Undirected	2.0	5829441
85	158	Undirected	1.0	995080
85	183	Undirected	1.0	995080
85	188	Undirected	2.0	1337397
124	130	Undirected	2.0	1094386
124	158	Undirected	2.0	2539279
124	183	Undirected	1.0	995080
125	130	Undirected	6.0	23637805
125	158	Undirected	4.0	7284392
125	183	Undirected	2.0	1961259
130	158	Undirected	1.0	995080
130	183	Undirected	1.0	995080
130	188	Undirected	2.0	2080990
158	183	Undirected	1.0	995080
158	188	Undirected	1.0	995080
183	188	Undirected	1.0	995080
25	143	Undirected	1.0	5158504
25	208	Undirected	1.0	5158504
143	208	Undirected	3.0	5681364
25	178	Undirected	1.0	1015843
125	178	Undirected	1.0	1015843
26	157	Undirected	1.0	99283
26	160	Undirected	1.0	99283
26	59	Undirected	1.0	4217380
26	188	Undirected	1.0	4217380
26	217	Undirected	7.0	17026913
59	188	Undirected	3.0	4415250
59	217	Undirected	1.0	4217380
188	217	Undirected	1.0	4217380
26	39	Undirected	1.0	1223982
26	53	Undirected	4.0	15123865
26	83	Undirected	10.0	21489600
26	215	Undirected	6.0	20511297
26	220	Undirected	2.0	7056623
39	53	Undirected	1.0	1223982
39	83	Undirected	2.0	1707880
39	215	Undirected	1.0	1223982
39	217	Undirected	4.0	5850856
39	220	Undirected	1.0	1223982
39	222	Undirected	6.0	8824651
53	83	Undirected	2.0	6180301
53	220	Undirected	2.0	7056623
53	222	Undirected	3.0	10167546
83	215	Undirected	3.0	7346118
83	217	Undirected	4.0	13930188
83	220	Undirected	1.0	1223982
83	222	Undirected	1.0	1223982
215	220	Undirected	2.0	7056623
215	222	Undirected	4.0	13612151
217	220	Undirected	1.0	1223982
217	222	Undirected	5.0	13523219
220	222	Undirected	2.0	7056623
26	203	Undirected	6.0	15935315
26	100	Undirected	2.0	1533958
100	203	Undirected	7.0	9794517
26	128	Undirected	2.0	239079
26	60	Undirected	1.0	5930480
26	108	Undirected	2.0	9841403
26	144	Undirected	1.0	5930480
26	180	Undirected	1.0	5930480
60	144	Undirected	2.0	11895808
60	180	Undirected	1.0	5930480
144	180	Undirected	1.0	5930480
144	215	Undirected	1.0	5930480
180	215	Undirected	1.0	5930480
26	45	Undirected	1.0	502348
26	206	Undirected	1.0	502348
45	206	Undirected	4.0	12889453
45	217	Undirected	6.0	13572634
206	215	Undirected	3.0	7514815
206	217	Undirected	4.0	12889453
53	203	Undirected	5.0	22138448
203	215	Undirected	3.0	9189822
203	217	Undirected	4.0	11352414
203	222	Undirected	2.0	8943564
26	50	Undirected	1.0	3910923
26	105	Undirected	1.0	3910923
26	150	Undirected	1.0	3910923
50	108	Undirected	11.0	20537190
50	150	Undirected	5.0	17045677
50	215	Undirected	1.0	3910923
26	35	Undirected	2.0	6083380
26	164	Undirected	1.0	5832641
35	53	Undirected	5.0	6458747
35	164	Undirected	2.0	5929804
35	203	Undirected	9.0	11422333
35	215	Undirected	1.0	5832641
35	220	Undirected	1.0	5832641
35	222	Undirected	1.0	5832641
53	164	Undirected	1.0	5832641
164	203	Undirected	1.0	5832641
164	215	Undirected	2.0	10792915
164	220	Undirected	1.0	5832641
164	222	Undirected	1.0	5832641
203	220	Undirected	1.0	5832641
83	203	Undirected	1.0	4956319
26	43	Undirected	1.0	7073862
26	81	Undirected	1.0	7073862
26	129	Undirected	1.0	7073862
26	207	Undirected	1.0	7073862
43	81	Undirected	1.0	7073862
43	129	Undirected	1.0	7073862
43	207	Undirected	1.0	7073862
81	129	Undirected	1.0	7073862
81	207	Undirected	1.0	7073862
129	207	Undirected	3.0	7728245
28	29	Undirected	6.0	4241007
28	77	Undirected	3.0	3554348
28	129	Undirected	3.0	3022785
77	129	Undirected	6.0	10398416
28	80	Undirected	2.0	10246253
28	61	Undirected	1.0	764651
28	191	Undirected	1.0	764651
61	129	Undirected	3.0	10611071
61	191	Undirected	3.0	5924130
129	191	Undirected	4.0	2187820
28	200	Undirected	2.0	1783154
29	200	Undirected	3.0	3587419
28	100	Undirected	1.0	759360
28	207	Undirected	2.0	1396511
77	200	Undirected	1.0	1296214
77	207	Undirected	3.0	1414969
200	207	Undirected	2.0	3100479
29	101	Undirected	7.0	21426732
29	147	Undirected	1.0	4559973
29	183	Undirected	12.0	13167212
29	191	Undirected	2.0	4659343
61	96	Undirected	6.0	16814215
61	101	Undirected	7.0	17521657
96	101	Undirected	6.0	16814215
96	147	Undirected	3.0	5449315
96	183	Undirected	1.0	4559973
96	191	Undirected	4.0	6048821
101	147	Undirected	4.0	6051856
101	183	Undirected	3.0	9771996
101	191	Undirected	2.0	5159479
147	183	Undirected	1.0	4559973
147	191	Undirected	5.0	6501342
183	191	Undirected	3.0	5954862
29	177	Undirected	2.0	389453
29	37	Undirected	13.0	5972481
37	165	Undirected	1.0	320303
77	165	Undirected	3.0	954862
32	62	Undirected	1.0	1923246
32	165	Undirected	2.0	1640556
34	37	Undirected	7.0	4281968
34	183	Undirected	2.0	545653
29	125	Undirected	3.0	1346881
34	77	Undirected	6.0	9605659
29	208	Undirected	3.0	5086634
34	61	Undirected	2.0	9846420
34	208	Undirected	1.0	4563820
61	208	Undirected	2.0	5760455
129	208	Undirected	1.0	4563820
61	127	Undirected	3.0	5879652
96	127	Undirected	3.0	302001
96	165	Undirected	4.0	4757903
127	165	Undirected	3.0	302001
93	200	Undirected	1.0	1804265
77	183	Undirected	2.0	1395002
29	33	Undirected	2.0	1586726
33	96	Undirected	3.0	3096387
165	208	Undirected	2.0	522814
29	45	Undirected	1.0	296733
45	165	Undirected	1.0	296733
45	208	Undirected	2.0	5873740
29	163	Undirected	1.0	1535483
61	163	Undirected	7.0	18053258
62	129	Undirected	1.0	1859979
96	204	Undirected	3.0	1739638
129	183	Undirected	2.0	314834
29	82	Undirected	1.0	12825
29	158	Undirected	1.0	12825
82	127	Undirected	2.0	1512837
82	158	Undirected	1.0	12825
127	158	Undirected	3.0	213332
61	143	Undirected	5.0	12568294
96	143	Undirected	4.0	11654736
101	143	Undirected	10.0	14115498
29	30	Undirected	1.0	288481
29	202	Undirected	1.0	288481
30	32	Undirected	1.0	288481
30	102	Undirected	1.0	288481
30	177	Undirected	1.0	288481
30	202	Undirected	1.0	288481
32	102	Undirected	1.0	288481
32	177	Undirected	1.0	288481
32	202	Undirected	1.0	288481
102	177	Undirected	1.0	288481
102	202	Undirected	1.0	288481
177	202	Undirected	1.0	288481
34	96	Undirected	2.0	335610
29	83	Undirected	1.0	295230
83	125	Undirected	10.0	2857621
29	44	Undirected	2.0	965887
44	183	Undirected	2.0	965887
37	96	Undirected	2.0	808607
29	71	Undirected	1.0	896741
29	136	Undirected	1.0	896741
32	37	Undirected	1.0	711979
32	33	Undirected	2.0	1662081
32	208	Undirected	1.0	372234
33	77	Undirected	4.0	7570298
33	34	Undirected	8.0	6203997
33	37	Undirected	10.0	11713640
34	182	Undirected	2.0	5891282
37	182	Undirected	1.0	595238
33	129	Undirected	3.0	7484002
33	44	Undirected	1.0	344067
33	163	Undirected	1.0	344067
33	187	Undirected	1.0	344067
33	214	Undirected	1.0	344067
44	163	Undirected	4.0	1899691
44	187	Undirected	2.0	426136
44	214	Undirected	1.0	344067
163	214	Undirected	1.0	344067
187	214	Undirected	1.0	344067
33	204	Undirected	3.0	2899451
33	198	Undirected	3.0	534502
33	165	Undirected	3.0	2378815
109	165	Undirected	1.0	1491903
33	52	Undirected	2.0	1117075
33	42	Undirected	1.0	1227972
33	117	Undirected	1.0	1227972
42	96	Undirected	4.0	2405306
33	125	Undirected	1.0	966179
33	183	Undirected	1.0	966179
33	80	Undirected	1.0	397354
33	116	Undirected	1.0	451951
33	159	Undirected	1.0	451951
52	116	Undirected	1.0	451951
52	159	Undirected	2.0	550906
116	182	Undirected	2.0	5575897
159	182	Undirected	2.0	5575897
33	71	Undirected	1.0	37497
71	129	Undirected	7.0	9451082
34	84	Undirected	2.0	2887062
34	138	Undirected	1.0	417138
34	79	Undirected	2.0	12589456
34	128	Undirected	1.0	7293412
79	127	Undirected	8.0	10053969
79	128	Undirected	6.0	19375824
79	129	Undirected	15.0	20086198
84	129	Undirected	3.0	2894081
127	183	Undirected	1.0	99876
183	204	Undirected	1.0	99876
34	82	Undirected	1.0	7071238
34	188	Undirected	1.0	3693477
109	188	Undirected	6.0	6555497
34	52	Undirected	1.0	5296044
34	121	Undirected	1.0	5296044
52	79	Undirected	3.0	6139445
52	129	Undirected	13.0	23468787
79	121	Undirected	3.0	6139445
79	182	Undirected	4.0	7485209
121	129	Undirected	13.0	12666160
129	182	Undirected	3.0	6739828
35	85	Undirected	1.0	2200000
35	130	Undirected	5.0	2636331
35	87	Undirected	1.0	2926
35	217	Undirected	1.0	2926
87	203	Undirected	1.0	2926
87	217	Undirected	1.0	2926
35	221	Undirected	2.0	788111
53	221	Undirected	1.0	300094
35	80	Undirected	1.0	263811
35	125	Undirected	1.0	263811
80	125	Undirected	3.0	521059
35	128	Undirected	1.0	488017
128	221	Undirected	2.0	3714503
35	100	Undirected	4.0	2461626
53	130	Undirected	2.0	79939
35	92	Undirected	1.0	238693
35	106	Undirected	1.0	238693
35	127	Undirected	1.0	238693
92	106	Undirected	1.0	238693
92	127	Undirected	1.0	238693
92	130	Undirected	1.0	238693
106	127	Undirected	1.0	238693
106	130	Undirected	2.0	5649702
36	39	Undirected	2.0	1514829
36	82	Undirected	1.0	1415336
36	115	Undirected	1.0	1415336
39	82	Undirected	1.0	1415336
39	115	Undirected	1.0	1415336
82	115	Undirected	1.0	1415336
38	43	Undirected	1.0	6550555
38	80	Undirected	1.0	6550555
38	215	Undirected	1.0	6550555
43	80	Undirected	2.0	8547555
43	215	Undirected	1.0	6550555
80	215	Undirected	1.0	6550555
39	81	Undirected	1.0	483159
39	124	Undirected	1.0	483898
39	125	Undirected	1.0	483898
83	124	Undirected	2.0	716910
39	184	Undirected	1.0	1706722
184	217	Undirected	2.0	2750487
39	108	Undirected	1.0	2503462
39	144	Undirected	1.0	2503462
108	217	Undirected	1.0	2503462
144	217	Undirected	1.0	2503462
40	62	Undirected	1.0	1008824
40	108	Undirected	1.0	1008824
40	144	Undirected	1.0	1008824
62	105	Undirected	5.0	8047851
62	108	Undirected	8.0	13036757
62	144	Undirected	2.0	5060181
105	144	Undirected	32.0	46950862
41	188	Undirected	2.0	1279448
41	59	Undirected	2.0	1056088
41	124	Undirected	2.0	1056088
59	105	Undirected	2.0	1056088
59	124	Undirected	6.0	9303543
42	182	Undirected	11.0	23254587
42	189	Undirected	1.0	994668
117	182	Undirected	11.0	19686099
182	189	Undirected	1.0	994668
42	181	Undirected	3.0	1756984
117	181	Undirected	1.0	1222168
43	90	Undirected	18.0	3108668
43	55	Undirected	1.0	179235
43	76	Undirected	1.0	179235
55	76	Undirected	4.0	1559474
90	101	Undirected	3.0	1292936
43	130	Undirected	1.0	1997000
43	175	Undirected	1.0	1997000
80	130	Undirected	1.0	1997000
80	175	Undirected	2.0	3941441
130	175	Undirected	1.0	1997000
43	109	Undirected	3.0	1789626
43	83	Undirected	1.0	2999605
44	147	Undirected	7.0	4178092
147	163	Undirected	3.0	1555624
44	169	Undirected	1.0	70402
44	77	Undirected	2.0	634559
44	165	Undirected	2.0	634559
44	90	Undirected	5.0	2656571
44	143	Undirected	2.0	1903517
44	134	Undirected	1.0	94692
44	85	Undirected	1.0	3519548
44	125	Undirected	3.0	3648604
125	160	Undirected	8.0	17977421
44	128	Undirected	1.0	3531769
125	128	Undirected	39.0	71722420
44	132	Undirected	1.0	381011
44	153	Undirected	1.0	381011
44	155	Undirected	1.0	381011
54	143	Undirected	1.0	1616110
54	147	Undirected	2.0	5513542
90	147	Undirected	7.0	7472767
143	147	Undirected	5.0	3550271
54	187	Undirected	1.0	82069
44	96	Undirected	1.0	86106
45	155	Undirected	5.0	7959329
45	222	Undirected	4.0	15804941
208	222	Undirected	3.0	11965303
45	55	Undirected	3.0	5552626
45	150	Undirected	4.0	10175343
45	209	Undirected	1.0	3610642
55	209	Undirected	1.0	3610642
55	211	Undirected	1.0	3610642
150	209	Undirected	2.0	7711181
150	211	Undirected	1.0	3610642
209	211	Undirected	1.0	3610642
45	198	Undirected	1.0	507675
102	198	Undirected	2.0	1228106
45	124	Undirected	2.0	3772771
45	145	Undirected	2.0	3550048
108	124	Undirected	3.0	5313513
108	145	Undirected	4.0	9916765
124	145	Undirected	1.0	2364080
45	136	Undirected	2.0	4013253
136	153	Undirected	2.0	4013253
136	155	Undirected	3.0	5936267
139	153	Undirected	2.0	3569680
139	155	Undirected	1.0	2004298
45	88	Undirected	1.0	3567862
45	104	Undirected	1.0	3567862
45	122	Undirected	2.0	7012467
45	197	Undirected	1.0	3567862
88	104	Undirected	1.0	3567862
88	122	Undirected	1.0	3567862
88	197	Undirected	1.0	3567862
88	206	Undirected	1.0	3567862
88	215	Undirected	1.0	3567862
88	217	Undirected	1.0	3567862
104	122	Undirected	1.0	3567862
104	197	Undirected	1.0	3567862
104	206	Undirected	1.0	3567862
104	215	Undirected	1.0	3567862
104	217	Undirected	1.0	3567862
122	197	Undirected	1.0	3567862
122	206	Undirected	2.0	7012467
122	215	Undirected	2.0	7012467
122	217	Undirected	2.0	7012467
197	206	Undirected	1.0	3567862
197	215	Undirected	1.0	3567862
197	217	Undirected	1.0	3567862
45	75	Undirected	1.0	3444605
45	195	Undirected	1.0	3444605
75	122	Undirected	1.0	3444605
75	150	Undirected	1.0	3444605
75	195	Undirected	1.0	3444605
75	206	Undirected	1.0	3444605
75	215	Undirected	1.0	3444605
75	217	Undirected	1.0	3444605
75	222	Undirected	1.0	3444605
122	195	Undirected	1.0	3444605
122	222	Undirected	1.0	3444605
150	195	Undirected	1.0	3444605
150	206	Undirected	1.0	3444605
150	217	Undirected	1.0	3444605
150	222	Undirected	1.0	3444605
195	206	Undirected	1.0	3444605
195	215	Undirected	1.0	3444605
195	217	Undirected	1.0	3444605
195	222	Undirected	1.0	3444605
206	222	Undirected	3.0	10214904
45	83	Undirected	1.0	283789
45	74	Undirected	1.0	807635
45	105	Undirected	1.0	807635
45	59	Undirected	1.0	1472959
45	54	Undirected	1.0	161542
45	91	Undirected	1.0	1408691
91	124	Undirected	1.0	1408691
91	222	Undirected	2.0	2804352
124	222	Undirected	1.0	1408691
55	145	Undirected	2.0	1581190
46	105	Undirected	1.0	5971211
46	106	Undirected	1.0	5971211
46	146	Undirected	1.0	5971211
46	148	Undirected	1.0	5971211
46	149	Undirected	1.0	5971211
105	146	Undirected	5.0	13129574
105	149	Undirected	1.0	5971211
106	146	Undirected	2.0	11619917
106	149	Undirected	1.0	5971211
146	148	Undirected	1.0	5971211
146	149	Undirected	1.0	5971211
148	149	Undirected	1.0	5971211
49	168	Undirected	1.0	98603
50	161	Undirected	1.0	753394
105	161	Undirected	3.0	1765024
108	161	Undirected	2.0	4546940
150	161	Undirected	4.0	5303453
50	94	Undirected	3.0	2005248
50	198	Undirected	4.0	7611392
50	138	Undirected	1.0	352913
50	162	Undirected	1.0	352913
106	138	Undirected	6.0	6704242
106	162	Undirected	1.0	352913
106	198	Undirected	1.0	352913
138	198	Undirected	1.0	352913
50	69	Undirected	1.0	98964
50	103	Undirected	3.0	881806
50	218	Undirected	2.0	1647934
50	61	Undirected	1.0	4956495
50	110	Undirected	1.0	4956495
50	111	Undirected	1.0	4956495
61	108	Undirected	1.0	4956495
61	110	Undirected	1.0	4956495
61	111	Undirected	1.0	4956495
108	110	Undirected	2.0	7438471
108	111	Undirected	1.0	4956495
110	111	Undirected	1.0	4956495
50	60	Undirected	1.0	5965328
50	123	Undirected	1.0	5965328
50	144	Undirected	2.0	11669263
50	176	Undirected	1.0	5965328
60	67	Undirected	1.0	5965328
60	123	Undirected	1.0	5965328
60	176	Undirected	1.0	5965328
60	198	Undirected	1.0	5965328
67	108	Undirected	1.0	5965328
67	123	Undirected	1.0	5965328
67	144	Undirected	2.0	11669263
67	150	Undirected	2.0	11669263
67	176	Undirected	1.0	5965328
67	198	Undirected	1.0	5965328
105	123	Undirected	4.0	7419756
105	176	Undirected	1.0	5965328
108	123	Undirected	2.0	7900121
108	176	Undirected	1.0	5965328
123	144	Undirected	1.0	5965328
123	150	Undirected	2.0	7900121
123	176	Undirected	1.0	5965328
123	198	Undirected	1.0	5965328
144	176	Undirected	1.0	5965328
150	176	Undirected	1.0	5965328
176	198	Undirected	1.0	5965328
50	62	Undirected	1.0	1437554
50	102	Undirected	1.0	1437554
50	155	Undirected	1.0	1437554
62	102	Undirected	1.0	1437554
62	155	Undirected	1.0	1437554
102	108	Undirected	1.0	1437554
102	155	Undirected	1.0	1437554
108	155	Undirected	1.0	1437554
50	137	Undirected	1.0	5703935
67	137	Undirected	1.0	5703935
68	105	Undirected	1.0	5703935
68	137	Undirected	1.0	5703935
68	144	Undirected	1.0	5703935
68	150	Undirected	1.0	5703935
105	152	Undirected	1.0	5703935
137	144	Undirected	1.0	5703935
144	146	Undirected	1.0	5703935
144	152	Undirected	1.0	5703935
51	94	Undirected	27.0	32304172
51	105	Undirected	2.0	3528566
51	150	Undirected	17.0	28382751
51	180	Undirected	1.0	39455
94	180	Undirected	1.0	39455
105	180	Undirected	5.0	2797715
150	180	Undirected	2.0	894263
51	57	Undirected	1.0	19854
51	106	Undirected	1.0	19854
51	144	Undirected	3.0	141066
57	106	Undirected	1.0	19854
57	144	Undirected	1.0	19854
94	106	Undirected	1.0	19854
106	144	Undirected	1.0	19854
51	186	Undirected	3.0	800954
186	198	Undirected	1.0	20185
94	162	Undirected	2.0	4334758
51	79	Undirected	7.0	13922218
51	143	Undirected	1.0	919337
79	143	Undirected	1.0	919337
51	219	Undirected	2.0	5900808
94	219	Undirected	1.0	1765760
51	107	Undirected	1.0	3793546
51	145	Undirected	3.0	8384174
51	161	Undirected	1.0	3793546
94	107	Undirected	1.0	3793546
94	161	Undirected	2.0	4442530
107	108	Undirected	1.0	3793546
107	145	Undirected	1.0	3793546
107	150	Undirected	1.0	3793546
107	161	Undirected	1.0	3793546
107	198	Undirected	1.0	3793546
145	161	Undirected	1.0	3793546
161	198	Undirected	1.0	3793546
51	122	Undirected	1.0	931041
122	145	Undirected	1.0	931041
51	113	Undirected	1.0	3489111
94	113	Undirected	1.0	3489111
105	113	Undirected	1.0	3489111
108	113	Undirected	1.0	3489111
113	150	Undirected	1.0	3489111
113	198	Undirected	1.0	3489111
51	201	Undirected	1.0	563089
94	201	Undirected	3.0	1327799
79	162	Undirected	1.0	4081694
79	198	Undirected	1.0	4081694
150	162	Undirected	2.0	7973984
51	69	Undirected	1.0	480201
69	186	Undirected	27.0	21258852
51	209	Undirected	1.0	1212276
79	209	Undirected	2.0	4615583
52	128	Undirected	1.0	6418295
52	204	Undirected	1.0	811642
121	204	Undirected	3.0	1956906
52	117	Undirected	1.0	313960
129	181	Undirected	1.0	1736109
52	134	Undirected	1.0	866380
134	181	Undirected	1.0	866380
134	182	Undirected	3.0	1059333
52	198	Undirected	1.0	720431
52	168	Undirected	2.0	1020144
52	109	Undirected	1.0	315281
53	100	Undirected	1.0	4417693
100	217	Undirected	3.0	10955733
54	138	Undirected	1.0	1024165
138	153	Undirected	3.0	1638785
54	94	Undirected	1.0	715138
54	198	Undirected	2.0	1440744
94	127	Undirected	1.0	715138
127	198	Undirected	1.0	715138
127	153	Undirected	1.0	95699
54	55	Undirected	1.0	99513
54	59	Undirected	2.0	869052
54	188	Undirected	1.0	99513
55	59	Undirected	2.0	1220959
54	125	Undirected	1.0	153808
54	213	Undirected	1.0	153808
125	127	Undirected	1.0	153808
54	129	Undirected	1.0	2551402
129	153	Undirected	1.0	2551402
90	153	Undirected	3.0	2913953
59	102	Undirected	1.0	769539
59	127	Undirected	4.0	7354508
59	201	Undirected	1.0	769539
102	201	Undirected	1.0	769539
127	201	Undirected	1.0	769539
55	201	Undirected	1.0	546970
55	155	Undirected	1.0	487241
155	198	Undirected	1.0	487241
55	206	Undirected	1.0	342884
108	206	Undirected	1.0	342884
144	206	Undirected	1.0	342884
55	174	Undirected	2.0	789528
150	174	Undirected	2.0	789528
55	90	Undirected	2.0	855720
55	110	Undirected	3.0	3337696
60	90	Undirected	2.0	855720
60	110	Undirected	3.0	1859306
90	110	Undirected	2.0	855720
55	208	Undirected	4.0	3584309
55	109	Undirected	2.0	2280019
55	136	Undirected	1.0	1085910
60	125	Undirected	6.0	7377003
55	83	Undirected	1.0	1668848
110	124	Undirected	2.0	3485562
55	101	Undirected	1.0	512391
55	128	Undirected	1.0	1707194
94	174	Undirected	1.0	395222
145	174	Undirected	1.0	395222
56	131	Undirected	1.0	1016595
56	145	Undirected	1.0	1016595
56	201	Undirected	1.0	1016595
57	131	Undirected	1.0	1016595
57	145	Undirected	2.0	1057151
57	201	Undirected	1.0	1016595
131	145	Undirected	1.0	1016595
131	150	Undirected	1.0	1016595
131	201	Undirected	1.0	1016595
145	201	Undirected	1.0	1016595
58	162	Undirected	1.0	742513
59	60	Undirected	4.0	13223213
59	163	Undirected	1.0	2482246
59	125	Undirected	9.0	14031884
59	128	Undirected	6.0	14752089
59	130	Undirected	2.0	8514859
116	125	Undirected	5.0	13728449
60	124	Undirected	6.0	14318103
59	90	Undirected	2.0	376805
90	125	Undirected	2.0	376805
59	83	Undirected	1.0	6044904
60	83	Undirected	1.0	6044904
59	93	Undirected	1.0	498835
59	207	Undirected	1.0	498835
79	125	Undirected	8.0	18153188
59	206	Undirected	1.0	375708
128	206	Undirected	1.0	375708
59	109	Undirected	1.0	98357
59	62	Undirected	1.0	1877604
59	103	Undirected	1.0	1877604
59	108	Undirected	1.0	1877604
62	103	Undirected	3.0	6921230
60	136	Undirected	1.0	1002828
60	158	Undirected	1.0	935611
60	155	Undirected	1.0	495573
60	109	Undirected	1.0	149896
105	109	Undirected	1.0	149896
60	62	Undirected	3.0	3180481
110	125	Undirected	1.0	1003586
60	128	Undirected	1.0	651117
125	163	Undirected	2.0	10409660
124	163	Undirected	1.0	3584884
61	222	Undirected	1.0	1196635
61	83	Undirected	1.0	294665
143	163	Undirected	1.0	913558
143	183	Undirected	1.0	913558
163	183	Undirected	3.0	2523231
61	160	Undirected	2.0	3097215
61	204	Undirected	1.0	612278
160	204	Undirected	2.0	1313308
61	128	Undirected	4.0	1271438
61	133	Undirected	2.0	1544569
124	133	Undirected	3.0	2005789
103	144	Undirected	1.0	4051357
62	122	Undirected	1.0	992269
62	150	Undirected	2.0	1847077
103	122	Undirected	1.0	992269
108	122	Undirected	3.0	2007971
62	180	Undirected	1.0	854808
63	136	Undirected	5.0	2325834
63	188	Undirected	4.0	1070825
64	174	Undirected	1.0	241076
64	206	Undirected	1.0	241076
174	206	Undirected	2.0	801238
66	109	Undirected	1.0	1436518
69	103	Undirected	2.0	7133790
103	148	Undirected	1.0	897686
69	136	Undirected	3.0	2323844
69	218	Undirected	7.0	5371071
136	218	Undirected	3.0	2323844
69	106	Undirected	7.0	10908192
69	150	Undirected	9.0	14577594
69	157	Undirected	4.0	11363966
106	157	Undirected	1.0	3034323
106	158	Undirected	2.0	3106678
150	157	Undirected	8.0	21837074
150	158	Undirected	2.0	5534323
157	186	Undirected	6.0	11929015
158	186	Undirected	2.0	3250206
69	138	Undirected	1.0	72355
138	158	Undirected	1.0	72355
69	108	Undirected	1.0	5199944
69	116	Undirected	1.0	4942312
69	143	Undirected	1.0	4942312
69	159	Undirected	1.0	4942312
69	160	Undirected	2.0	6286454
116	143	Undirected	1.0	4942312
143	158	Undirected	1.0	4942312
143	159	Undirected	1.0	4942312
143	160	Undirected	1.0	4942312
148	218	Undirected	2.0	1266091
69	153	Undirected	1.0	95857
150	160	Undirected	2.0	3844142
160	186	Undirected	2.0	1560025
69	79	Undirected	1.0	3403307
69	209	Undirected	1.0	3403307
70	129	Undirected	1.0	97028
129	158	Undirected	7.0	5465601
71	127	Undirected	8.0	11247180
125	136	Undirected	7.0	3281703
71	143	Undirected	1.0	689430
129	136	Undirected	1.0	5365958
71	119	Undirected	1.0	138754
71	163	Undirected	1.0	138754
119	163	Undirected	1.0	138754
71	128	Undirected	2.0	600324
127	138	Undirected	2.0	600324
128	138	Undirected	2.0	600324
73	223	Undirected	1.0	1000951
76	79	Undirected	2.0	4951809
76	84	Undirected	4.0	1765038
77	83	Undirected	3.0	4206164
77	84	Undirected	1.0	3266366
83	84	Undirected	7.0	6237145
83	93	Undirected	1.0	3266366
77	191	Undirected	3.0	2287145
77	125	Undirected	1.0	351844
77	128	Undirected	1.0	351844
83	127	Undirected	3.0	1303264
83	129	Undirected	3.0	1238442
77	220	Undirected	1.0	1295519
183	220	Undirected	1.0	1295519
191	220	Undirected	1.0	1295519
78	79	Undirected	1.0	582976
78	153	Undirected	1.0	582976
79	153	Undirected	1.0	582976
78	129	Undirected	1.0	986782
78	186	Undirected	1.0	4618424
129	160	Undirected	10.0	9889572
79	136	Undirected	2.0	5317527
136	186	Undirected	2.0	1115803
127	160	Undirected	6.0	2851713
127	186	Undirected	8.0	4022730
129	186	Undirected	9.0	10906063
79	124	Undirected	4.0	9680518
79	219	Undirected	1.0	501273
79	83	Undirected	1.0	187045
79	206	Undirected	2.0	3994793
79	173	Undirected	1.0	1977582
80	82	Undirected	1.0	737970
80	127	Undirected	1.0	6369763
80	128	Undirected	3.0	6627011
80	90	Undirected	2.0	543229
80	83	Undirected	1.0	4607765
80	206	Undirected	1.0	4607765
83	206	Undirected	6.0	23772508
81	216	Undirected	3.0	557545
81	223	Undirected	3.0	14377472
81	90	Undirected	3.0	1040858
81	198	Undirected	3.0	1040858
90	198	Undirected	6.0	1948056
82	125	Undirected	2.0	5140025
82	168	Undirected	1.0	328689
82	130	Undirected	2.0	257913
82	100	Undirected	1.0	1339398
83	105	Undirected	9.0	8991928
83	128	Undirected	4.0	1145717
83	207	Undirected	3.0	23551389
206	207	Undirected	2.0	18591115
83	200	Undirected	2.0	462698
200	206	Undirected	2.0	605839
83	108	Undirected	1.0	49238
83	101	Undirected	4.0	9228757
84	206	Undirected	12.0	15360606
125	200	Undirected	2.0	1414778
83	164	Undirected	1.0	4960274
164	207	Undirected	1.0	4960274
164	217	Undirected	1.0	4960274
207	215	Undirected	1.0	4960274
207	217	Undirected	1.0	4960274
125	129	Undirected	8.0	17818942
83	109	Undirected	1.0	298572
109	125	Undirected	1.0	298572
84	125	Undirected	3.0	4154076
84	207	Undirected	1.0	1402239
84	128	Undirected	1.0	2513161
85	187	Undirected	1.0	538610
85	128	Undirected	3.0	5566362
85	129	Undirected	1.0	98935
85	135	Undirected	1.0	514747
86	222	Undirected	2.0	568459
89	127	Undirected	1.0	1190209
89	166	Undirected	1.0	1190209
89	167	Undirected	1.0	1190209
89	204	Undirected	1.0	1190209
127	166	Undirected	1.0	1190209
127	167	Undirected	1.0	1190209
166	167	Undirected	1.0	1190209
166	204	Undirected	1.0	1190209
167	204	Undirected	1.0	1190209
90	136	Undirected	1.0	999726
90	187	Undirected	2.0	1996778
136	187	Undirected	1.0	999726
90	163	Undirected	1.0	2270296
90	191	Undirected	2.0	1052027
143	191	Undirected	2.0	1052027
90	223	Undirected	1.0	99857
147	198	Undirected	3.0	907198
91	92	Undirected	1.0	4501050
91	125	Undirected	2.0	4648254
92	125	Undirected	1.0	4501050
91	201	Undirected	1.0	1395661
91	206	Undirected	1.0	1395661
201	206	Undirected	3.0	2107760
201	222	Undirected	1.0	1395661
94	209	Undirected	2.0	571410
105	145	Undirected	1.0	3253414
144	145	Undirected	2.0	4001191
94	142	Undirected	2.0	842950
133	142	Undirected	2.0	842950
94	170	Undirected	1.0	3454896
108	118	Undirected	1.0	3454896
108	133	Undirected	2.0	4098203
108	170	Undirected	2.0	7455498
118	150	Undirected	1.0	3454896
118	170	Undirected	1.0	3454896
133	150	Undirected	1.0	3454896
133	170	Undirected	1.0	3454896
150	170	Undirected	1.0	3454896
94	122	Undirected	1.0	316417
94	155	Undirected	1.0	1228231
94	194	Undirected	1.0	648984
144	161	Undirected	1.0	648984
144	194	Undirected	1.0	648984
161	194	Undirected	1.0	648984
95	117	Undirected	1.0	614488
98	100	Undirected	1.0	246258
98	203	Undirected	1.0	246258
98	205	Undirected	1.0	246258
98	215	Undirected	1.0	246258
100	205	Undirected	1.0	246258
100	215	Undirected	4.0	6212348
203	205	Undirected	1.0	246258
205	215	Undirected	1.0	246258
99	105	Undirected	2.0	1097691
99	108	Undirected	2.0	1097691
99	144	Undirected	2.0	1097691
99	193	Undirected	2.0	1097691
144	193	Undirected	2.0	1097691
100	109	Undirected	1.0	5782838
109	217	Undirected	1.0	5782838
100	130	Undirected	1.0	414440
100	199	Undirected	6.0	2458999
130	199	Undirected	1.0	414440
100	153	Undirected	1.0	2048925
100	155	Undirected	1.0	2048925
100	201	Undirected	1.0	2048925
199	217	Undirected	1.0	755202
102	162	Undirected	4.0	821783
105	140	Undirected	1.0	294021
105	130	Undirected	1.0	822223
130	218	Undirected	1.0	822223
105	126	Undirected	2.0	1015702
108	126	Undirected	2.0	1015702
122	126	Undirected	2.0	1015702
122	180	Undirected	2.0	1015702
126	180	Undirected	2.0	1015702
105	192	Undirected	1.0	775542
105	196	Undirected	1.0	775542
144	192	Undirected	1.0	775542
144	196	Undirected	1.0	775542
192	196	Undirected	1.0	775542
136	144	Undirected	1.0	923685
123	146	Undirected	3.0	1454428
105	120	Undirected	1.0	4000602
105	170	Undirected	1.0	4000602
108	120	Undirected	1.0	4000602
120	144	Undirected	1.0	4000602
120	170	Undirected	1.0	4000602
144	170	Undirected	1.0	4000602
138	188	Undirected	4.0	6495413
106	125	Undirected	2.0	5608270
108	138	Undirected	1.0	4993902
123	188	Undirected	1.0	1934793
108	130	Undirected	2.0	559340
109	203	Undirected	1.0	197136
109	163	Undirected	1.0	763902
109	129	Undirected	1.0	661579
129	130	Undirected	6.0	12390493
109	187	Undirected	1.0	97812
143	187	Undirected	2.0	174190
114	150	Undirected	1.0	393867
114	161	Undirected	1.0	393867
116	130	Undirected	2.0	8666093
117	158	Undirected	1.0	2050049
117	168	Undirected	3.0	3910383
158	168	Undirected	1.0	2050049
116	129	Undirected	1.0	970063
117	121	Undirected	2.0	1145264
117	204	Undirected	3.0	1441245
121	166	Undirected	1.0	8536
121	214	Undirected	1.0	8536
166	214	Undirected	1.0	8536
121	158	Undirected	1.0	756507
123	124	Undirected	3.0	1162151
123	220	Undirected	1.0	302312
124	127	Undirected	1.0	4508218
124	191	Undirected	1.0	4508218
127	191	Undirected	3.0	5162601
128	191	Undirected	1.0	4508218
124	160	Undirected	1.0	10220725
124	155	Undirected	1.0	948883
124	201	Undirected	2.0	1410103
125	133	Undirected	1.0	461220
125	221	Undirected	2.0	6584926
125	218	Undirected	1.0	100549
125	204	Undirected	1.0	701030
125	143	Undirected	1.0	2109986
125	215	Undirected	1.0	710729
125	153	Undirected	1.0	777199
128	153	Undirected	1.0	777199
128	155	Undirected	1.0	777199
128	201	Undirected	1.0	777199
125	165	Undirected	1.0	450811
128	186	Undirected	1.0	4012827
127	200	Undirected	3.0	1415507
127	215	Undirected	4.0	627301
128	215	Undirected	4.0	627301
129	200	Undirected	3.0	1904877
127	168	Undirected	1.0	3732001
127	169	Undirected	1.0	3732001
128	204	Undirected	3.0	12030889
130	204	Undirected	1.0	6168139
127	163	Undirected	2.0	1301882
128	163	Undirected	2.0	1301882
163	204	Undirected	1.0	100629
127	159	Undirected	1.0	99445
127	207	Undirected	2.0	654383
191	207	Undirected	2.0	654383
128	169	Undirected	1.0	425623
128	158	Undirected	1.0	2267121
128	187	Undirected	1.0	95206
129	222	Undirected	1.0	768786
191	222	Undirected	1.0	768786
131	136	Undirected	1.0	100803
131	210	Undirected	1.0	100803
131	213	Undirected	1.0	100803
136	210	Undirected	1.0	100803
210	213	Undirected	1.0	100803
133	206	Undirected	1.0	214718
136	169	Undirected	1.0	933470
138	143	Undirected	1.0	3210627
138	201	Undirected	1.0	795226
138	155	Undirected	3.0	712944
139	141	Undirected	1.0	404819
145	209	Undirected	1.0	4100539
198	209	Undirected	1.0	4100539
147	187	Undirected	1.0	807008
150	194	Undirected	1.0	1656843
188	194	Undirected	1.0	1656843
155	186	Undirected	1.0	99345
155	215	Undirected	1.0	91532
157	182	Undirected	2.0	1518333
158	200	Undirected	1.0	460998
160	200	Undirected	3.0	1950478
168	186	Undirected	2.0	356179
173	206	Undirected	1.0	292576
185	208	Undirected	1.0	691643
206	223	Undirected	1.0	282013
